{"v":"5.6.6","fr":25,"ip":0,"op":36,"w":200,"h":150,"nm":"播放动画","ddd":0,"assets":[],"layers":[{"ddd":0,"ind":1,"ty":4,"nm":"形状图层 20","sr":1,"ks":{"o":{"a":0,"k":100,"ix":11},"r":{"a":0,"k":0,"ix":10},"p":{"a":0,"k":[166.25,76.723,0],"ix":2},"a":{"a":0,"k":[-75.5,3.25,0],"ix":1},"s":{"a":0,"k":[100,100,100],"ix":6}},"ao":0,"shapes":[{"ty":"gr","it":[{"ind":0,"ty":"sh","ix":1,"ks":{"a":1,"k":[{"i":{"x":0.833,"y":0.833},"o":{"x":0.167,"y":0.167},"t":0,"s":[{"i":[[0,-1.657],[0,0],[1.657,0],[0,1.657],[0,0],[-1.657,0]],"o":[[0,0],[0,1.657],[-1.657,0],[0,0],[0,-1.657],[1.657,0]],"v":[[3,-7.25],[3,11.5],[0,14.5],[-3,11.5],[-3,-7.25],[0,-10.25]],"c":true}]},{"i":{"x":0.833,"y":0.833},"o":{"x":0.167,"y":0.167},"t":6,"s":[{"i":[[0,-1.657],[0,0],[1.657,0],[0,1.657],[0,0],[-1.657,0]],"o":[[0,0],[0,1.657],[-1.657,0],[0,0],[0,-1.657],[1.657,0]],"v":[[3,-17],[3,17],[0,20],[-3,17],[-3,-17],[0,-20]],"c":true}]},{"i":{"x":0.833,"y":0.833},"o":{"x":0.167,"y":0.167},"t":12,"s":[{"i":[[0,-1.657],[0,0],[1.657,0],[0,1.657],[0,0],[-1.657,0]],"o":[[0,0],[0,1.657],[-1.657,0],[0,0],[0,-1.657],[1.657,0]],"v":[[3,-2],[3,7.25],[0,10.25],[-3,7.25],[-3,-2],[0,-5]],"c":true}]},{"i":{"x":0.833,"y":0.833},"o":{"x":0.167,"y":0.167},"t":18,"s":[{"i":[[0,-1.657],[0,0],[1.657,0],[0,1.657],[0,0],[-1.657,0]],"o":[[0,0],[0,1.657],[-1.657,0],[0,0],[0,-1.657],[1.657,0]],"v":[[3,-24.75],[3,21],[0,24],[-3,21],[-3,-24.75],[0,-27.75]],"c":true}]},{"i":{"x":0.833,"y":0.833},"o":{"x":0.167,"y":0.167},"t":24,"s":[{"i":[[0,-1.657],[0,0],[1.657,0],[0,1.657],[0,0],[-1.657,0]],"o":[[0,0],[0,1.657],[-1.657,0],[0,0],[0,-1.657],[1.657,0]],"v":[[3,-17],[3,17],[0,20],[-3,17],[-3,-17],[0,-20]],"c":true}]},{"i":{"x":0.833,"y":0.833},"o":{"x":0.167,"y":0.167},"t":30,"s":[{"i":[[0,-1.657],[0,0],[1.657,0],[0,1.657],[0,0],[-1.657,0]],"o":[[0,0],[0,1.657],[-1.657,0],[0,0],[0,-1.657],[1.657,0]],"v":[[3,-25.25],[3,26],[0,29],[-3,26],[-3,-25.25],[0,-28.25]],"c":true}]},{"t":36,"s":[{"i":[[0,-1.657],[0,0],[1.657,0],[0,1.657],[0,0],[-1.657,0]],"o":[[0,0],[0,1.657],[-1.657,0],[0,0],[0,-1.657],[1.657,0]],"v":[[3,-2],[3,7.25],[0,10.25],[-3,7.25],[-3,-2],[0,-5]],"c":true}]}],"ix":2},"nm":"路径 1","mn":"ADBE Vector Shape - Group","hd":false},{"ty":"fl","c":{"a":0,"k":[0.18823529411764706,0.20392156862745098,0.3254901960784314,1],"ix":4},"o":{"a":0,"k":100,"ix":5},"r":1,"bm":0,"nm":"填充 1","mn":"ADBE Vector Graphic - Fill","hd":false},{"ty":"tr","p":{"a":0,"k":[-74.942,1.527],"ix":2},"a":{"a":0,"k":[0,0],"ix":1},"s":{"a":0,"k":[100,100],"ix":3},"r":{"a":0,"k":0,"ix":6},"o":{"a":0,"k":100,"ix":7},"sk":{"a":0,"k":0,"ix":4},"sa":{"a":0,"k":0,"ix":5},"nm":"变换"}],"nm":"矩形 1","np":3,"cix":2,"bm":0,"ix":1,"mn":"ADBE Vector Group","hd":false}],"ip":0,"op":100,"st":0,"bm":0},{"ddd":0,"ind":2,"ty":4,"nm":"形状图层 19","sr":1,"ks":{"o":{"a":0,"k":100,"ix":11},"r":{"a":0,"k":0,"ix":10},"p":{"a":0,"k":[154.375,76.723,0],"ix":2},"a":{"a":0,"k":[-75.5,3.25,0],"ix":1},"s":{"a":0,"k":[100,100,100],"ix":6}},"ao":0,"shapes":[{"ty":"gr","it":[{"ind":0,"ty":"sh","ix":1,"ks":{"a":1,"k":[{"i":{"x":0.833,"y":0.833},"o":{"x":0.167,"y":0.167},"t":0,"s":[{"i":[[0,-1.657],[0,0],[1.657,0],[0,1.657],[0,0],[-1.657,0]],"o":[[0,0],[0,1.657],[-1.657,0],[0,0],[0,-1.657],[1.657,0]],"v":[[3,-17],[3,17],[0,20],[-3,17],[-3,-17],[0,-20]],"c":true}]},{"i":{"x":0.833,"y":0.833},"o":{"x":0.167,"y":0.167},"t":6,"s":[{"i":[[0,-1.657],[0,0],[1.657,0],[0,1.657],[0,0],[-1.657,0]],"o":[[0,0],[0,1.657],[-1.657,0],[0,0],[0,-1.657],[1.657,0]],"v":[[3,-34.25],[3,30],[0,33],[-3,30],[-3,-34.25],[0,-37.25]],"c":true}]},{"i":{"x":0.833,"y":0.833},"o":{"x":0.167,"y":0.167},"t":12,"s":[{"i":[[0,-1.657],[0,0],[1.657,0],[0,1.657],[0,0],[-1.657,0]],"o":[[0,0],[0,1.657],[-1.657,0],[0,0],[0,-1.657],[1.657,0]],"v":[[3,-17],[3,17],[0,20],[-3,17],[-3,-17],[0,-20]],"c":true}]},{"i":{"x":0.833,"y":0.833},"o":{"x":0.167,"y":0.167},"t":18,"s":[{"i":[[0,-1.657],[0,0],[1.657,0],[0,1.657],[0,0],[-1.657,0]],"o":[[0,0],[0,1.657],[-1.657,0],[0,0],[0,-1.657],[1.657,0]],"v":[[3,-2],[3,7.25],[0,10.25],[-3,7.25],[-3,-2],[0,-5]],"c":true}]},{"i":{"x":0.833,"y":0.833},"o":{"x":0.167,"y":0.167},"t":24,"s":[{"i":[[0,-1.657],[0,0],[1.657,0],[0,1.657],[0,0],[-1.657,0]],"o":[[0,0],[0,1.657],[-1.657,0],[0,0],[0,-1.657],[1.657,0]],"v":[[2.875,-9.25],[2.875,11.5],[-0.125,14.5],[-3.125,11.5],[-3.125,-9.25],[-0.125,-12.25]],"c":true}]},{"i":{"x":0.833,"y":0.833},"o":{"x":0.167,"y":0.167},"t":30,"s":[{"i":[[0,-1.657],[0,0],[1.657,0],[0,1.657],[0,0],[-1.657,0]],"o":[[0,0],[0,1.657],[-1.657,0],[0,0],[0,-1.657],[1.657,0]],"v":[[3,-2],[3,7.25],[0,10.25],[-3,7.25],[-3,-2],[0,-5]],"c":true}]},{"t":36,"s":[{"i":[[0,-1.657],[0,0],[1.657,0],[0,1.657],[0,0],[-1.657,0]],"o":[[0,0],[0,1.657],[-1.657,0],[0,0],[0,-1.657],[1.657,0]],"v":[[3,-17],[3,17],[0,20],[-3,17],[-3,-17],[0,-20]],"c":true}]}],"ix":2},"nm":"路径 1","mn":"ADBE Vector Shape - Group","hd":false},{"ty":"fl","c":{"a":0,"k":[0.24705882352941178,0.18823529411764706,0.3176470588235294,1],"ix":4},"o":{"a":0,"k":100,"ix":5},"r":1,"bm":0,"nm":"填充 1","mn":"ADBE Vector Graphic - Fill","hd":false},{"ty":"tr","p":{"a":0,"k":[-74.942,1.527],"ix":2},"a":{"a":0,"k":[0,0],"ix":1},"s":{"a":0,"k":[100,100],"ix":3},"r":{"a":0,"k":0,"ix":6},"o":{"a":0,"k":100,"ix":7},"sk":{"a":0,"k":0,"ix":4},"sa":{"a":0,"k":0,"ix":5},"nm":"变换"}],"nm":"矩形 1","np":3,"cix":2,"bm":0,"ix":1,"mn":"ADBE Vector Group","hd":false}],"ip":0,"op":100,"st":0,"bm":0},{"ddd":0,"ind":3,"ty":4,"nm":"形状图层 18","sr":1,"ks":{"o":{"a":0,"k":100,"ix":11},"r":{"a":0,"k":0,"ix":10},"p":{"a":0,"k":[142.375,76.723,0],"ix":2},"a":{"a":0,"k":[-75.5,3.25,0],"ix":1},"s":{"a":0,"k":[100,100,100],"ix":6}},"ao":0,"shapes":[{"ty":"gr","it":[{"ind":0,"ty":"sh","ix":1,"ks":{"a":1,"k":[{"i":{"x":0.833,"y":0.833},"o":{"x":0.167,"y":0.167},"t":0,"s":[{"i":[[0,-1.657],[0,0],[1.657,0],[0,1.657],[0,0],[-1.657,0]],"o":[[0,0],[0,1.657],[-1.657,0],[0,0],[0,-1.657],[1.657,0]],"v":[[2.875,-8.5],[2.875,12.25],[-0.125,15.25],[-3.125,12.25],[-3.125,-8.5],[-0.125,-11.5]],"c":true}]},{"i":{"x":0.833,"y":0.833},"o":{"x":0.167,"y":0.167},"t":6,"s":[{"i":[[0,-1.657],[0,0],[1.657,0],[0,1.657],[0,0],[-1.657,0]],"o":[[0,0],[0,1.657],[-1.657,0],[0,0],[0,-1.657],[1.657,0]],"v":[[3,-2],[3,7.25],[0,10.25],[-3,7.25],[-3,-2],[0,-5]],"c":true}]},{"i":{"x":0.833,"y":0.833},"o":{"x":0.167,"y":0.167},"t":12,"s":[{"i":[[0,-1.657],[0,0],[1.657,0],[0,1.657],[0,0],[-1.657,0]],"o":[[0,0],[0,1.657],[-1.657,0],[0,0],[0,-1.657],[1.657,0]],"v":[[3,-17],[3,17],[0,20],[-3,17],[-3,-17],[0,-20]],"c":true}]},{"i":{"x":0.833,"y":0.833},"o":{"x":0.167,"y":0.167},"t":18,"s":[{"i":[[0,-1.657],[0,0],[1.657,0],[0,1.657],[0,0],[-1.657,0]],"o":[[0,0],[0,1.657],[-1.657,0],[0,0],[0,-1.657],[1.657,0]],"v":[[3,-34.25],[3,30],[0,33],[-3,30],[-3,-34.25],[0,-37.25]],"c":true}]},{"i":{"x":0.833,"y":0.833},"o":{"x":0.167,"y":0.167},"t":24,"s":[{"i":[[0,-1.657],[0,0],[1.657,0],[0,1.657],[0,0],[-1.657,0]],"o":[[0,0],[0,1.657],[-1.657,0],[0,0],[0,-1.657],[1.657,0]],"v":[[2.875,-5.75],[2.875,6.75],[-0.125,9.75],[-3.125,6.75],[-3.125,-5.75],[-0.125,-8.75]],"c":true}]},{"i":{"x":0.833,"y":0.833},"o":{"x":0.167,"y":0.167},"t":30,"s":[{"i":[[0,-1.657],[0,0],[1.657,0],[0,1.657],[0,0],[-1.657,0]],"o":[[0,0],[0,1.657],[-1.657,0],[0,0],[0,-1.657],[1.657,0]],"v":[[3,-2],[3,7.25],[0,10.25],[-3,7.25],[-3,-2],[0,-5]],"c":true}]},{"t":36,"s":[{"i":[[0,-1.657],[0,0],[1.657,0],[0,1.657],[0,0],[-1.657,0]],"o":[[0,0],[0,1.657],[-1.657,0],[0,0],[0,-1.657],[1.657,0]],"v":[[2.875,-10.25],[2.875,11],[-0.125,14],[-3.125,11],[-3.125,-10.25],[-0.125,-13.25]],"c":true}]}],"ix":2},"nm":"路径 1","mn":"ADBE Vector Shape - Group","hd":false},{"ty":"fl","c":{"a":0,"k":[0.2823529411764706,0.17254901960784313,0.30980392156862746,1],"ix":4},"o":{"a":0,"k":100,"ix":5},"r":1,"bm":0,"nm":"填充 1","mn":"ADBE Vector Graphic - Fill","hd":false},{"ty":"tr","p":{"a":0,"k":[-74.942,1.527],"ix":2},"a":{"a":0,"k":[0,0],"ix":1},"s":{"a":0,"k":[100,100],"ix":3},"r":{"a":0,"k":0,"ix":6},"o":{"a":0,"k":100,"ix":7},"sk":{"a":0,"k":0,"ix":4},"sa":{"a":0,"k":0,"ix":5},"nm":"变换"}],"nm":"矩形 1","np":3,"cix":2,"bm":0,"ix":1,"mn":"ADBE Vector Group","hd":false}],"ip":0,"op":100,"st":0,"bm":0},{"ddd":0,"ind":4,"ty":4,"nm":"形状图层 14","sr":1,"ks":{"o":{"a":0,"k":100,"ix":11},"r":{"a":0,"k":0,"ix":10},"p":{"a":0,"k":[178.25,76.723,0],"ix":2},"a":{"a":0,"k":[-75.5,3.25,0],"ix":1},"s":{"a":0,"k":[100,100,100],"ix":6}},"ao":0,"shapes":[{"ty":"gr","it":[{"ind":0,"ty":"sh","ix":1,"ks":{"a":1,"k":[{"i":{"x":0.833,"y":0.833},"o":{"x":0.167,"y":0.167},"t":0,"s":[{"i":[[0,-1.657],[0,0],[1.657,0],[0,1.657],[0,0],[-1.657,0]],"o":[[0,0],[0,1.657],[-1.657,0],[0,0],[0,-1.657],[1.657,0]],"v":[[3,-17],[3,17],[0,20],[-3,17],[-3,-17],[0,-20]],"c":true}]},{"i":{"x":0.833,"y":0.833},"o":{"x":0.167,"y":0.167},"t":6,"s":[{"i":[[0,-1.657],[0,0],[1.657,0],[0,1.657],[0,0],[-1.657,0]],"o":[[0,0],[0,1.657],[-1.657,0],[0,0],[0,-1.657],[1.657,0]],"v":[[3,-2],[3,7.25],[0,10.25],[-3,7.25],[-3,-2],[0,-5]],"c":true}]},{"i":{"x":0.833,"y":0.833},"o":{"x":0.167,"y":0.167},"t":12,"s":[{"i":[[0,-1.657],[0,0],[1.657,0],[0,1.657],[0,0],[-1.657,0]],"o":[[0,0],[0,1.657],[-1.657,0],[0,0],[0,-1.657],[1.657,0]],"v":[[3,-17],[3,17],[0,20],[-3,17],[-3,-17],[0,-20]],"c":true}]},{"i":{"x":0.833,"y":0.833},"o":{"x":0.167,"y":0.167},"t":18,"s":[{"i":[[0,-1.657],[0,0],[1.657,0],[0,1.657],[0,0],[-1.657,0]],"o":[[0,0],[0,1.657],[-1.657,0],[0,0],[0,-1.657],[1.657,0]],"v":[[3,-34.25],[3,30],[0,33],[-3,30],[-3,-34.25],[0,-37.25]],"c":true}]},{"i":{"x":0.833,"y":0.833},"o":{"x":0.167,"y":0.167},"t":24,"s":[{"i":[[0,-1.657],[0,0],[1.657,0],[0,1.657],[0,0],[-1.657,0]],"o":[[0,0],[0,1.657],[-1.657,0],[0,0],[0,-1.657],[1.657,0]],"v":[[3,-6],[3,6.5],[0,9.5],[-3,6.5],[-3,-6],[0,-9]],"c":true}]},{"i":{"x":0.833,"y":0.833},"o":{"x":0.167,"y":0.167},"t":30,"s":[{"i":[[0,-1.657],[0,0],[1.657,0],[0,1.657],[0,0],[-1.657,0]],"o":[[0,0],[0,1.657],[-1.657,0],[0,0],[0,-1.657],[1.657,0]],"v":[[3,-2],[3,7.25],[0,10.25],[-3,7.25],[-3,-2],[0,-5]],"c":true}]},{"t":36,"s":[{"i":[[0,-1.657],[0,0],[1.657,0],[0,1.657],[0,0],[-1.657,0]],"o":[[0,0],[0,1.657],[-1.657,0],[0,0],[0,-1.657],[1.657,0]],"v":[[3,-17],[3,17],[0,20],[-3,17],[-3,-17],[0,-20]],"c":true}]}],"ix":2},"nm":"路径 1","mn":"ADBE Vector Shape - Group","hd":false},{"ty":"fl","c":{"a":0,"k":[0.0784313725490196,0.23529411764705882,0.3333333333333333,1],"ix":4},"o":{"a":0,"k":100,"ix":5},"r":1,"bm":0,"nm":"填充 1","mn":"ADBE Vector Graphic - Fill","hd":false},{"ty":"tr","p":{"a":0,"k":[-74.942,1.527],"ix":2},"a":{"a":0,"k":[0,0],"ix":1},"s":{"a":0,"k":[100,100],"ix":3},"r":{"a":0,"k":0,"ix":6},"o":{"a":0,"k":100,"ix":7},"sk":{"a":0,"k":0,"ix":4},"sa":{"a":0,"k":0,"ix":5},"nm":"变换"}],"nm":"矩形 1","np":3,"cix":2,"bm":0,"ix":1,"mn":"ADBE Vector Group","hd":false}],"ip":0,"op":100,"st":0,"bm":0},{"ddd":0,"ind":5,"ty":4,"nm":"形状图层 10","sr":1,"ks":{"o":{"a":0,"k":100,"ix":11},"r":{"a":0,"k":0,"ix":10},"p":{"a":0,"k":[130.375,76.723,0],"ix":2},"a":{"a":0,"k":[-75.5,3.25,0],"ix":1},"s":{"a":0,"k":[100,100,100],"ix":6}},"ao":0,"shapes":[{"ty":"gr","it":[{"ind":0,"ty":"sh","ix":1,"ks":{"a":1,"k":[{"i":{"x":0.833,"y":0.833},"o":{"x":0.167,"y":0.167},"t":0,"s":[{"i":[[0,-1.657],[0,0],[1.657,0],[0,1.657],[0,0],[-1.657,0]],"o":[[0,0],[0,1.657],[-1.657,0],[0,0],[0,-1.657],[1.657,0]],"v":[[2.875,-31.75],[2.875,32.5],[-0.125,35.5],[-3.125,32.5],[-3.125,-31.75],[-0.125,-34.75]],"c":true}]},{"i":{"x":0.833,"y":0.833},"o":{"x":0.167,"y":0.167},"t":6,"s":[{"i":[[0,-1.657],[0,0],[1.657,0],[0,1.657],[0,0],[-1.657,0]],"o":[[0,0],[0,1.657],[-1.657,0],[0,0],[0,-1.657],[1.657,0]],"v":[[3,-2],[3,7.25],[0,10.25],[-3,7.25],[-3,-2],[0,-5]],"c":true}]},{"i":{"x":0.833,"y":0.833},"o":{"x":0.167,"y":0.167},"t":12,"s":[{"i":[[0,-1.657],[0,0],[1.657,0],[0,1.657],[0,0],[-1.657,0]],"o":[[0,0],[0,1.657],[-1.657,0],[0,0],[0,-1.657],[1.657,0]],"v":[[2.875,-29],[2.875,27.75],[-0.125,30.75],[-3.125,27.75],[-3.125,-29],[-0.125,-32]],"c":true}]},{"i":{"x":0.833,"y":0.833},"o":{"x":0.167,"y":0.167},"t":18,"s":[{"i":[[0,-1.657],[0,0],[1.657,0],[0,1.657],[0,0],[-1.657,0]],"o":[[0,0],[0,1.657],[-1.657,0],[0,0],[0,-1.657],[1.657,0]],"v":[[2.875,-8.25],[2.875,14.75],[-0.125,17.75],[-3.125,14.75],[-3.125,-8.25],[-0.125,-11.25]],"c":true}]},{"i":{"x":0.833,"y":0.833},"o":{"x":0.167,"y":0.167},"t":24,"s":[{"i":[[0,-1.657],[0,0],[1.657,0],[0,1.657],[0,0],[-1.657,0]],"o":[[0,0],[0,1.657],[-1.657,0],[0,0],[0,-1.657],[1.657,0]],"v":[[2.875,-31],[2.875,34.25],[-0.125,37.25],[-3.125,34.25],[-3.125,-31],[-0.125,-34]],"c":true}]},{"i":{"x":0.833,"y":0.833},"o":{"x":0.167,"y":0.167},"t":30,"s":[{"i":[[0,-1.657],[0,0],[1.657,0],[0,1.657],[0,0],[-1.657,0]],"o":[[0,0],[0,1.657],[-1.657,0],[0,0],[0,-1.657],[1.657,0]],"v":[[3,-17],[3,17],[0,20],[-3,17],[-3,-17],[0,-20]],"c":true}]},{"t":36,"s":[{"i":[[0,-1.657],[0,0],[1.657,0],[0,1.657],[0,0],[-1.657,0]],"o":[[0,0],[0,1.657],[-1.657,0],[0,0],[0,-1.657],[1.657,0]],"v":[[3,-2],[3,7.25],[0,10.25],[-3,7.25],[-3,-2],[0,-5]],"c":true}]}],"ix":2},"nm":"路径 1","mn":"ADBE Vector Shape - Group","hd":false},{"ty":"fl","c":{"a":0,"k":[0.3843137254901961,0.1411764705882353,0.30196078431372547,1],"ix":4},"o":{"a":0,"k":100,"ix":5},"r":1,"bm":0,"nm":"填充 1","mn":"ADBE Vector Graphic - Fill","hd":false},{"ty":"tr","p":{"a":0,"k":[-74.942,1.527],"ix":2},"a":{"a":0,"k":[0,0],"ix":1},"s":{"a":0,"k":[100,100],"ix":3},"r":{"a":0,"k":0,"ix":6},"o":{"a":0,"k":100,"ix":7},"sk":{"a":0,"k":0,"ix":4},"sa":{"a":0,"k":0,"ix":5},"nm":"变换"}],"nm":"矩形 1","np":3,"cix":2,"bm":0,"ix":1,"mn":"ADBE Vector Group","hd":false}],"ip":0,"op":100,"st":0,"bm":0},{"ddd":0,"ind":6,"ty":4,"nm":"形状图层 9","sr":1,"ks":{"o":{"a":0,"k":100,"ix":11},"r":{"a":0,"k":0,"ix":10},"p":{"a":0,"k":[118.375,76.723,0],"ix":2},"a":{"a":0,"k":[-75.5,3.25,0],"ix":1},"s":{"a":0,"k":[100,100,100],"ix":6}},"ao":0,"shapes":[{"ty":"gr","it":[{"ind":0,"ty":"sh","ix":1,"ks":{"a":1,"k":[{"i":{"x":0.833,"y":0.833},"o":{"x":0.167,"y":0.167},"t":0,"s":[{"i":[[0,-1.657],[0,0],[1.657,0],[0,1.657],[0,0],[-1.657,0]],"o":[[0,0],[0,1.657],[-1.657,0],[0,0],[0,-1.657],[1.657,0]],"v":[[3,-17],[3,17],[0,20],[-3,17],[-3,-17],[0,-20]],"c":true}]},{"i":{"x":0.833,"y":0.833},"o":{"x":0.167,"y":0.167},"t":6,"s":[{"i":[[0,-1.657],[0,0],[1.657,0],[0,1.657],[0,0],[-1.657,0]],"o":[[0,0],[0,1.657],[-1.657,0],[0,0],[0,-1.657],[1.657,0]],"v":[[3,-2],[3,7.25],[0,10.25],[-3,7.25],[-3,-2],[0,-5]],"c":true}]},{"i":{"x":0.833,"y":0.833},"o":{"x":0.167,"y":0.167},"t":12,"s":[{"i":[[0,-1.657],[0,0],[1.657,0],[0,1.657],[0,0],[-1.657,0]],"o":[[0,0],[0,1.657],[-1.657,0],[0,0],[0,-1.657],[1.657,0]],"v":[[3,-17],[3,17],[0,20],[-3,17],[-3,-17],[0,-20]],"c":true}]},{"i":{"x":0.833,"y":0.833},"o":{"x":0.167,"y":0.167},"t":18,"s":[{"i":[[0,-1.657],[0,0],[1.657,0],[0,1.657],[0,0],[-1.657,0]],"o":[[0,0],[0,1.657],[-1.657,0],[0,0],[0,-1.657],[1.657,0]],"v":[[3,-34.25],[3,30],[0,33],[-3,30],[-3,-34.25],[0,-37.25]],"c":true}]},{"i":{"x":0.833,"y":0.833},"o":{"x":0.167,"y":0.167},"t":24,"s":[{"i":[[0,-1.657],[0,0],[1.657,0],[0,1.657],[0,0],[-1.657,0]],"o":[[0,0],[0,1.657],[-1.657,0],[0,0],[0,-1.657],[1.657,0]],"v":[[3,-17],[3,17],[0,20],[-3,17],[-3,-17],[0,-20]],"c":true}]},{"i":{"x":0.833,"y":0.833},"o":{"x":0.167,"y":0.167},"t":30,"s":[{"i":[[0,-1.657],[0,0],[1.657,0],[0,1.657],[0,0],[-1.657,0]],"o":[[0,0],[0,1.657],[-1.657,0],[0,0],[0,-1.657],[1.657,0]],"v":[[3,-2],[3,7.25],[0,10.25],[-3,7.25],[-3,-2],[0,-5]],"c":true}]},{"t":36,"s":[{"i":[[0,-1.657],[0,0],[1.657,0],[0,1.657],[0,0],[-1.657,0]],"o":[[0,0],[0,1.657],[-1.657,0],[0,0],[0,-1.657],[1.657,0]],"v":[[3,-17],[3,17],[0,20],[-3,17],[-3,-17],[0,-20]],"c":true}]}],"ix":2},"nm":"路径 1","mn":"ADBE Vector Shape - Group","hd":false},{"ty":"fl","c":{"a":0,"k":[0.48627450980392156,0.11372549019607843,0.2901960784313726,1],"ix":4},"o":{"a":0,"k":100,"ix":5},"r":1,"bm":0,"nm":"填充 1","mn":"ADBE Vector Graphic - Fill","hd":false},{"ty":"tr","p":{"a":0,"k":[-74.942,1.527],"ix":2},"a":{"a":0,"k":[0,0],"ix":1},"s":{"a":0,"k":[100,100],"ix":3},"r":{"a":0,"k":0,"ix":6},"o":{"a":0,"k":100,"ix":7},"sk":{"a":0,"k":0,"ix":4},"sa":{"a":0,"k":0,"ix":5},"nm":"变换"}],"nm":"矩形 1","np":3,"cix":2,"bm":0,"ix":1,"mn":"ADBE Vector Group","hd":false}],"ip":0,"op":100,"st":0,"bm":0},{"ddd":0,"ind":7,"ty":4,"nm":"形状图层 5","sr":1,"ks":{"o":{"a":0,"k":100,"ix":11},"r":{"a":0,"k":0,"ix":10},"p":{"a":0,"k":[70.25,76.723,0],"ix":2},"a":{"a":0,"k":[-75.5,3.25,0],"ix":1},"s":{"a":0,"k":[100,100,100],"ix":6}},"ao":0,"shapes":[{"ty":"gr","it":[{"ind":0,"ty":"sh","ix":1,"ks":{"a":1,"k":[{"i":{"x":0.833,"y":0.833},"o":{"x":0.167,"y":0.167},"t":0,"s":[{"i":[[0,-1.657],[0,0],[1.657,0],[0,1.657],[0,0],[-1.657,0]],"o":[[0,0],[0,1.657],[-1.657,0],[0,0],[0,-1.657],[1.657,0]],"v":[[3,-17],[3,17],[0,20],[-3,17],[-3,-17],[0,-20]],"c":true}]},{"i":{"x":0.833,"y":0.833},"o":{"x":0.167,"y":0.167},"t":6,"s":[{"i":[[0,-1.657],[0,0],[1.657,0],[0,1.657],[0,0],[-1.657,0]],"o":[[0,0],[0,1.657],[-1.657,0],[0,0],[0,-1.657],[1.657,0]],"v":[[3,-2],[3,7.25],[0,10.25],[-3,7.25],[-3,-2],[0,-5]],"c":true}]},{"i":{"x":0.833,"y":0.833},"o":{"x":0.167,"y":0.167},"t":12,"s":[{"i":[[0,-1.657],[0,0],[1.657,0],[0,1.657],[0,0],[-1.657,0]],"o":[[0,0],[0,1.657],[-1.657,0],[0,0],[0,-1.657],[1.657,0]],"v":[[3,-17],[3,17],[0,20],[-3,17],[-3,-17],[0,-20]],"c":true}]},{"i":{"x":0.833,"y":0.833},"o":{"x":0.167,"y":0.167},"t":18,"s":[{"i":[[0,-1.657],[0,0],[1.657,0],[0,1.657],[0,0],[-1.657,0]],"o":[[0,0],[0,1.657],[-1.657,0],[0,0],[0,-1.657],[1.657,0]],"v":[[3,-12.5],[3,7.25],[0,10.25],[-3,7.25],[-3,-12.5],[0,-15.5]],"c":true}]},{"i":{"x":0.833,"y":0.833},"o":{"x":0.167,"y":0.167},"t":24,"s":[{"i":[[0,-1.657],[0,0],[1.657,0],[0,1.657],[0,0],[-1.657,0]],"o":[[0,0],[0,1.657],[-1.657,0],[0,0],[0,-1.657],[1.657,0]],"v":[[3,-3.5],[3,7.25],[0,10.25],[-3,7.25],[-3,-3.5],[0,-6.5]],"c":true}]},{"i":{"x":0.833,"y":0.833},"o":{"x":0.167,"y":0.167},"t":30,"s":[{"i":[[0,-1.657],[0,0],[1.657,0],[0,1.657],[0,0],[-1.657,0]],"o":[[0,0],[0,1.657],[-1.657,0],[0,0],[0,-1.657],[1.657,0]],"v":[[3,-2],[3,7.25],[0,10.25],[-3,7.25],[-3,-2],[0,-5]],"c":true}]},{"t":36,"s":[{"i":[[0,-1.657],[0,0],[1.657,0],[0,1.657],[0,0],[-1.657,0]],"o":[[0,0],[0,1.657],[-1.657,0],[0,0],[0,-1.657],[1.657,0]],"v":[[3,-17],[3,17],[0,20],[-3,17],[-3,-17],[0,-20]],"c":true}]}],"ix":2},"nm":"路径 1","mn":"ADBE Vector Shape - Group","hd":false},{"ty":"fl","c":{"a":0,"k":[0.7372549019607844,0.03529411764705882,0.25882352941176473,1],"ix":4},"o":{"a":0,"k":100,"ix":5},"r":1,"bm":0,"nm":"填充 1","mn":"ADBE Vector Graphic - Fill","hd":false},{"ty":"tr","p":{"a":0,"k":[-74.942,1.527],"ix":2},"a":{"a":0,"k":[0,0],"ix":1},"s":{"a":0,"k":[100,100],"ix":3},"r":{"a":0,"k":0,"ix":6},"o":{"a":0,"k":100,"ix":7},"sk":{"a":0,"k":0,"ix":4},"sa":{"a":0,"k":0,"ix":5},"nm":"变换"}],"nm":"矩形 1","np":3,"cix":2,"bm":0,"ix":1,"mn":"ADBE Vector Group","hd":false}],"ip":0,"op":100,"st":0,"bm":0},{"ddd":0,"ind":8,"ty":4,"nm":"形状图层 17","sr":1,"ks":{"o":{"a":0,"k":100,"ix":11},"r":{"a":0,"k":0,"ix":10},"p":{"a":0,"k":[106.25,76.723,0],"ix":2},"a":{"a":0,"k":[-75.5,3.25,0],"ix":1},"s":{"a":0,"k":[100,100,100],"ix":6}},"ao":0,"shapes":[{"ty":"gr","it":[{"ind":0,"ty":"sh","ix":1,"ks":{"a":1,"k":[{"i":{"x":0.833,"y":0.833},"o":{"x":0.167,"y":0.167},"t":0,"s":[{"i":[[0,-1.657],[0,0],[1.657,0],[0,1.657],[0,0],[-1.657,0]],"o":[[0,0],[0,1.657],[-1.657,0],[0,0],[0,-1.657],[1.657,0]],"v":[[3,-7.25],[3,11.5],[0,14.5],[-3,11.5],[-3,-7.25],[0,-10.25]],"c":true}]},{"i":{"x":0.833,"y":0.833},"o":{"x":0.167,"y":0.167},"t":6,"s":[{"i":[[0,-1.657],[0,0],[1.657,0],[0,1.657],[0,0],[-1.657,0]],"o":[[0,0],[0,1.657],[-1.657,0],[0,0],[0,-1.657],[1.657,0]],"v":[[3,-17],[3,17],[0,20],[-3,17],[-3,-17],[0,-20]],"c":true}]},{"i":{"x":0.833,"y":0.833},"o":{"x":0.167,"y":0.167},"t":12,"s":[{"i":[[0,-1.657],[0,0],[1.657,0],[0,1.657],[0,0],[-1.657,0]],"o":[[0,0],[0,1.657],[-1.657,0],[0,0],[0,-1.657],[1.657,0]],"v":[[3,-2],[3,7.25],[0,10.25],[-3,7.25],[-3,-2],[0,-5]],"c":true}]},{"i":{"x":0.833,"y":0.833},"o":{"x":0.167,"y":0.167},"t":18,"s":[{"i":[[0,-1.657],[0,0],[1.657,0],[0,1.657],[0,0],[-1.657,0]],"o":[[0,0],[0,1.657],[-1.657,0],[0,0],[0,-1.657],[1.657,0]],"v":[[3,-24.75],[3,21],[0,24],[-3,21],[-3,-24.75],[0,-27.75]],"c":true}]},{"i":{"x":0.833,"y":0.833},"o":{"x":0.167,"y":0.167},"t":24,"s":[{"i":[[0,-1.657],[0,0],[1.657,0],[0,1.657],[0,0],[-1.657,0]],"o":[[0,0],[0,1.657],[-1.657,0],[0,0],[0,-1.657],[1.657,0]],"v":[[3,-17],[3,17],[0,20],[-3,17],[-3,-17],[0,-20]],"c":true}]},{"i":{"x":0.833,"y":0.833},"o":{"x":0.167,"y":0.167},"t":30,"s":[{"i":[[0,-1.657],[0,0],[1.657,0],[0,1.657],[0,0],[-1.657,0]],"o":[[0,0],[0,1.657],[-1.657,0],[0,0],[0,-1.657],[1.657,0]],"v":[[3,-25.25],[3,26],[0,29],[-3,26],[-3,-25.25],[0,-28.25]],"c":true}]},{"t":36,"s":[{"i":[[0,-1.657],[0,0],[1.657,0],[0,1.657],[0,0],[-1.657,0]],"o":[[0,0],[0,1.657],[-1.657,0],[0,0],[0,-1.657],[1.657,0]],"v":[[3,-2],[3,7.25],[0,10.25],[-3,7.25],[-3,-2],[0,-5]],"c":true}]}],"ix":2},"nm":"路径 1","mn":"ADBE Vector Shape - Group","hd":false},{"ty":"fl","c":{"a":0,"k":[0.5411764705882353,0.09411764705882353,0.2823529411764706,1],"ix":4},"o":{"a":0,"k":100,"ix":5},"r":1,"bm":0,"nm":"填充 1","mn":"ADBE Vector Graphic - Fill","hd":false},{"ty":"tr","p":{"a":0,"k":[-74.942,1.527],"ix":2},"a":{"a":0,"k":[0,0],"ix":1},"s":{"a":0,"k":[100,100],"ix":3},"r":{"a":0,"k":0,"ix":6},"o":{"a":0,"k":100,"ix":7},"sk":{"a":0,"k":0,"ix":4},"sa":{"a":0,"k":0,"ix":5},"nm":"变换"}],"nm":"矩形 1","np":3,"cix":2,"bm":0,"ix":1,"mn":"ADBE Vector Group","hd":false}],"ip":0,"op":100,"st":0,"bm":0},{"ddd":0,"ind":9,"ty":4,"nm":"形状图层 4","sr":1,"ks":{"o":{"a":0,"k":100,"ix":11},"r":{"a":0,"k":0,"ix":10},"p":{"a":0,"k":[58.25,76.723,0],"ix":2},"a":{"a":0,"k":[-75.5,3.25,0],"ix":1},"s":{"a":0,"k":[100,100,100],"ix":6}},"ao":0,"shapes":[{"ty":"gr","it":[{"ind":0,"ty":"sh","ix":1,"ks":{"a":1,"k":[{"i":{"x":0.833,"y":0.833},"o":{"x":0.167,"y":0.167},"t":0,"s":[{"i":[[0,-1.657],[0,0],[1.657,0],[0,1.657],[0,0],[-1.657,0]],"o":[[0,0],[0,1.657],[-1.657,0],[0,0],[0,-1.657],[1.657,0]],"v":[[3,-7.25],[3,11.5],[0,14.5],[-3,11.5],[-3,-7.25],[0,-10.25]],"c":true}]},{"i":{"x":0.833,"y":0.833},"o":{"x":0.167,"y":0.167},"t":6,"s":[{"i":[[0,-1.657],[0,0],[1.657,0],[0,1.657],[0,0],[-1.657,0]],"o":[[0,0],[0,1.657],[-1.657,0],[0,0],[0,-1.657],[1.657,0]],"v":[[3,-17],[3,17],[0,20],[-3,17],[-3,-17],[0,-20]],"c":true}]},{"i":{"x":0.833,"y":0.833},"o":{"x":0.167,"y":0.167},"t":12,"s":[{"i":[[0,-1.657],[0,0],[1.657,0],[0,1.657],[0,0],[-1.657,0]],"o":[[0,0],[0,1.657],[-1.657,0],[0,0],[0,-1.657],[1.657,0]],"v":[[3,-2],[3,7.25],[0,10.25],[-3,7.25],[-3,-2],[0,-5]],"c":true}]},{"i":{"x":0.833,"y":0.833},"o":{"x":0.167,"y":0.167},"t":18,"s":[{"i":[[0,-1.657],[0,0],[1.657,0],[0,1.657],[0,0],[-1.657,0]],"o":[[0,0],[0,1.657],[-1.657,0],[0,0],[0,-1.657],[1.657,0]],"v":[[3,-24.75],[3,21],[0,24],[-3,21],[-3,-24.75],[0,-27.75]],"c":true}]},{"i":{"x":0.833,"y":0.833},"o":{"x":0.167,"y":0.167},"t":24,"s":[{"i":[[0,-1.657],[0,0],[1.657,0],[0,1.657],[0,0],[-1.657,0]],"o":[[0,0],[0,1.657],[-1.657,0],[0,0],[0,-1.657],[1.657,0]],"v":[[3,-31],[3,31.25],[0,34.25],[-3,31.25],[-3,-31],[0,-34]],"c":true}]},{"i":{"x":0.833,"y":0.833},"o":{"x":0.167,"y":0.167},"t":30,"s":[{"i":[[0,-1.657],[0,0],[1.657,0],[0,1.657],[0,0],[-1.657,0]],"o":[[0,0],[0,1.657],[-1.657,0],[0,0],[0,-1.657],[1.657,0]],"v":[[3,-25.25],[3,26],[0,29],[-3,26],[-3,-25.25],[0,-28.25]],"c":true}]},{"t":36,"s":[{"i":[[0,-1.657],[0,0],[1.657,0],[0,1.657],[0,0],[-1.657,0]],"o":[[0,0],[0,1.657],[-1.657,0],[0,0],[0,-1.657],[1.657,0]],"v":[[3,-2],[3,7.25],[0,10.25],[-3,7.25],[-3,-2],[0,-5]],"c":true}]}],"ix":2},"nm":"路径 1","mn":"ADBE Vector Shape - Group","hd":false},{"ty":"fl","c":{"a":0,"k":[0.7843137254901961,0.00784313725490196,0.24313725490196078,1],"ix":4},"o":{"a":0,"k":100,"ix":5},"r":1,"bm":0,"nm":"填充 1","mn":"ADBE Vector Graphic - Fill","hd":false},{"ty":"tr","p":{"a":0,"k":[-74.942,1.527],"ix":2},"a":{"a":0,"k":[0,0],"ix":1},"s":{"a":0,"k":[100,100],"ix":3},"r":{"a":0,"k":0,"ix":6},"o":{"a":0,"k":100,"ix":7},"sk":{"a":0,"k":0,"ix":4},"sa":{"a":0,"k":0,"ix":5},"nm":"变换"}],"nm":"矩形 1","np":3,"cix":2,"bm":0,"ix":1,"mn":"ADBE Vector Group","hd":false}],"ip":0,"op":100,"st":0,"bm":0},{"ddd":0,"ind":10,"ty":4,"nm":"形状图层 16","sr":1,"ks":{"o":{"a":0,"k":100,"ix":11},"r":{"a":0,"k":0,"ix":10},"p":{"a":0,"k":[94.375,76.723,0],"ix":2},"a":{"a":0,"k":[-75.5,3.25,0],"ix":1},"s":{"a":0,"k":[100,100,100],"ix":6}},"ao":0,"shapes":[{"ty":"gr","it":[{"ind":0,"ty":"sh","ix":1,"ks":{"a":1,"k":[{"i":{"x":0.833,"y":0.833},"o":{"x":0.167,"y":0.167},"t":0,"s":[{"i":[[0,-1.657],[0,0],[1.657,0],[0,1.657],[0,0],[-1.657,0]],"o":[[0,0],[0,1.657],[-1.657,0],[0,0],[0,-1.657],[1.657,0]],"v":[[2.875,-24.5],[2.875,26],[-0.125,29],[-3.125,26],[-3.125,-24.5],[-0.125,-27.5]],"c":true}]},{"i":{"x":0.833,"y":0.833},"o":{"x":0.167,"y":0.167},"t":6,"s":[{"i":[[0,-1.657],[0,0],[1.657,0],[0,1.657],[0,0],[-1.657,0]],"o":[[0,0],[0,1.657],[-1.657,0],[0,0],[0,-1.657],[1.657,0]],"v":[[3,-34.25],[3,30],[0,33],[-3,30],[-3,-34.25],[0,-37.25]],"c":true}]},{"i":{"x":0.833,"y":0.833},"o":{"x":0.167,"y":0.167},"t":12,"s":[{"i":[[0,-1.657],[0,0],[1.657,0],[0,1.657],[0,0],[-1.657,0]],"o":[[0,0],[0,1.657],[-1.657,0],[0,0],[0,-1.657],[1.657,0]],"v":[[3,-17],[3,17],[0,20],[-3,17],[-3,-17],[0,-20]],"c":true}]},{"i":{"x":0.833,"y":0.833},"o":{"x":0.167,"y":0.167},"t":18,"s":[{"i":[[0,-1.657],[0,0],[1.657,0],[0,1.657],[0,0],[-1.657,0]],"o":[[0,0],[0,1.657],[-1.657,0],[0,0],[0,-1.657],[1.657,0]],"v":[[3,-2],[3,7.25],[0,10.25],[-3,7.25],[-3,-2],[0,-5]],"c":true}]},{"i":{"x":0.833,"y":0.833},"o":{"x":0.167,"y":0.167},"t":24,"s":[{"i":[[0,-1.657],[0,0],[1.657,0],[0,1.657],[0,0],[-1.657,0]],"o":[[0,0],[0,1.657],[-1.657,0],[0,0],[0,-1.657],[1.657,0]],"v":[[2.875,-2.75],[2.875,5],[-0.125,8],[-3.125,5],[-3.125,-2.75],[-0.125,-5.75]],"c":true}]},{"i":{"x":0.833,"y":0.833},"o":{"x":0.167,"y":0.167},"t":30,"s":[{"i":[[0,-1.657],[0,0],[1.657,0],[0,1.657],[0,0],[-1.657,0]],"o":[[0,0],[0,1.657],[-1.657,0],[0,0],[0,-1.657],[1.657,0]],"v":[[3,-2],[3,7.25],[0,10.25],[-3,7.25],[-3,-2],[0,-5]],"c":true}]},{"t":36,"s":[{"i":[[0,-1.657],[0,0],[1.657,0],[0,1.657],[0,0],[-1.657,0]],"o":[[0,0],[0,1.657],[-1.657,0],[0,0],[0,-1.657],[1.657,0]],"v":[[2.875,-33.25],[2.875,29],[-0.125,32],[-3.125,29],[-3.125,-33.25],[-0.125,-36.25]],"c":true}]}],"ix":2},"nm":"路径 1","mn":"ADBE Vector Shape - Group","hd":false},{"ty":"fl","c":{"a":0,"k":[0.615686274509804,0.07058823529411765,0.27450980392156865,1],"ix":4},"o":{"a":0,"k":100,"ix":5},"r":1,"bm":0,"nm":"填充 1","mn":"ADBE Vector Graphic - Fill","hd":false},{"ty":"tr","p":{"a":0,"k":[-74.942,1.527],"ix":2},"a":{"a":0,"k":[0,0],"ix":1},"s":{"a":0,"k":[100,100],"ix":3},"r":{"a":0,"k":0,"ix":6},"o":{"a":0,"k":100,"ix":7},"sk":{"a":0,"k":0,"ix":4},"sa":{"a":0,"k":0,"ix":5},"nm":"变换"}],"nm":"矩形 1","np":3,"cix":2,"bm":0,"ix":1,"mn":"ADBE Vector Group","hd":false}],"ip":0,"op":100,"st":0,"bm":0},{"ddd":0,"ind":11,"ty":4,"nm":"形状图层 3","sr":1,"ks":{"o":{"a":0,"k":100,"ix":11},"r":{"a":0,"k":0,"ix":10},"p":{"a":0,"k":[46.375,76.723,0],"ix":2},"a":{"a":0,"k":[-75.5,3.25,0],"ix":1},"s":{"a":0,"k":[100,100,100],"ix":6}},"ao":0,"shapes":[{"ty":"gr","it":[{"ind":0,"ty":"sh","ix":1,"ks":{"a":1,"k":[{"i":{"x":0.833,"y":0.833},"o":{"x":0.167,"y":0.167},"t":0,"s":[{"i":[[0,-1.657],[0,0],[1.657,0],[0,1.657],[0,0],[-1.657,0]],"o":[[0,0],[0,1.657],[-1.657,0],[0,0],[0,-1.657],[1.657,0]],"v":[[2.875,-24],[2.875,20.25],[-0.125,23.25],[-3.125,20.25],[-3.125,-24],[-0.125,-27]],"c":true}]},{"i":{"x":0.833,"y":0.833},"o":{"x":0.167,"y":0.167},"t":6,"s":[{"i":[[0,-1.657],[0,0],[1.657,0],[0,1.657],[0,0],[-1.657,0]],"o":[[0,0],[0,1.657],[-1.657,0],[0,0],[0,-1.657],[1.657,0]],"v":[[3,-34.25],[3,30],[0,33],[-3,30],[-3,-34.25],[0,-37.25]],"c":true}]},{"i":{"x":0.833,"y":0.833},"o":{"x":0.167,"y":0.167},"t":12,"s":[{"i":[[0,-1.657],[0,0],[1.657,0],[0,1.657],[0,0],[-1.657,0]],"o":[[0,0],[0,1.657],[-1.657,0],[0,0],[0,-1.657],[1.657,0]],"v":[[3,-17],[3,17],[0,20],[-3,17],[-3,-17],[0,-20]],"c":true}]},{"i":{"x":0.833,"y":0.833},"o":{"x":0.167,"y":0.167},"t":18,"s":[{"i":[[0,-1.657],[0,0],[1.657,0],[0,1.657],[0,0],[-1.657,0]],"o":[[0,0],[0,1.657],[-1.657,0],[0,0],[0,-1.657],[1.657,0]],"v":[[3,-2],[3,7.25],[0,10.25],[-3,7.25],[-3,-2],[0,-5]],"c":true}]},{"i":{"x":0.833,"y":0.833},"o":{"x":0.167,"y":0.167},"t":24,"s":[{"i":[[0,-1.657],[0,0],[1.657,0],[0,1.657],[0,0],[-1.657,0]],"o":[[0,0],[0,1.657],[-1.657,0],[0,0],[0,-1.657],[1.657,0]],"v":[[2.875,-4.5],[2.875,6.75],[-0.125,9.75],[-3.125,6.75],[-3.125,-4.5],[-0.125,-7.5]],"c":true}]},{"i":{"x":0.833,"y":0.833},"o":{"x":0.167,"y":0.167},"t":30,"s":[{"i":[[0,-1.657],[0,0],[1.657,0],[0,1.657],[0,0],[-1.657,0]],"o":[[0,0],[0,1.657],[-1.657,0],[0,0],[0,-1.657],[1.657,0]],"v":[[3,-2],[3,7.25],[0,10.25],[-3,7.25],[-3,-2],[0,-5]],"c":true}]},{"t":36,"s":[{"i":[[0,-1.657],[0,0],[1.657,0],[0,1.657],[0,0],[-1.657,0]],"o":[[0,0],[0,1.657],[-1.657,0],[0,0],[0,-1.657],[1.657,0]],"v":[[3,-17],[3,17],[0,20],[-3,17],[-3,-17],[0,-20]],"c":true}]}],"ix":2},"nm":"路径 1","mn":"ADBE Vector Shape - Group","hd":false},{"ty":"fl","c":{"a":0,"k":[0.8941176470588236,0.03137254901960784,0.29411764705882354,1],"ix":4},"o":{"a":0,"k":100,"ix":5},"r":1,"bm":0,"nm":"填充 1","mn":"ADBE Vector Graphic - Fill","hd":false},{"ty":"tr","p":{"a":0,"k":[-74.942,1.527],"ix":2},"a":{"a":0,"k":[0,0],"ix":1},"s":{"a":0,"k":[100,100],"ix":3},"r":{"a":0,"k":0,"ix":6},"o":{"a":0,"k":100,"ix":7},"sk":{"a":0,"k":0,"ix":4},"sa":{"a":0,"k":0,"ix":5},"nm":"变换"}],"nm":"矩形 1","np":3,"cix":2,"bm":0,"ix":1,"mn":"ADBE Vector Group","hd":false}],"ip":0,"op":100,"st":0,"bm":0},{"ddd":0,"ind":12,"ty":4,"nm":"形状图层 15","sr":1,"ks":{"o":{"a":0,"k":100,"ix":11},"r":{"a":0,"k":0,"ix":10},"p":{"a":0,"k":[82.375,76.723,0],"ix":2},"a":{"a":0,"k":[-75.5,3.25,0],"ix":1},"s":{"a":0,"k":[100,100,100],"ix":6}},"ao":0,"shapes":[{"ty":"gr","it":[{"ind":0,"ty":"sh","ix":1,"ks":{"a":1,"k":[{"i":{"x":0.833,"y":0.833},"o":{"x":0.167,"y":0.167},"t":0,"s":[{"i":[[0,-1.657],[0,0],[1.657,0],[0,1.657],[0,0],[-1.657,0]],"o":[[0,0],[0,1.657],[-1.657,0],[0,0],[0,-1.657],[1.657,0]],"v":[[2.875,-8.5],[2.875,12.25],[-0.125,15.25],[-3.125,12.25],[-3.125,-8.5],[-0.125,-11.5]],"c":true}]},{"i":{"x":0.833,"y":0.833},"o":{"x":0.167,"y":0.167},"t":6,"s":[{"i":[[0,-1.657],[0,0],[1.657,0],[0,1.657],[0,0],[-1.657,0]],"o":[[0,0],[0,1.657],[-1.657,0],[0,0],[0,-1.657],[1.657,0]],"v":[[3,-2],[3,7.25],[0,10.25],[-3,7.25],[-3,-2],[0,-5]],"c":true}]},{"i":{"x":0.833,"y":0.833},"o":{"x":0.167,"y":0.167},"t":12,"s":[{"i":[[0,-1.657],[0,0],[1.657,0],[0,1.657],[0,0],[-1.657,0]],"o":[[0,0],[0,1.657],[-1.657,0],[0,0],[0,-1.657],[1.657,0]],"v":[[2.875,-4.5],[2.875,11.75],[-0.125,14.75],[-3.125,11.75],[-3.125,-4.5],[-0.125,-7.5]],"c":true}]},{"i":{"x":0.833,"y":0.833},"o":{"x":0.167,"y":0.167},"t":18,"s":[{"i":[[0,-1.657],[0,0],[1.657,0],[0,1.657],[0,0],[-1.657,0]],"o":[[0,0],[0,1.657],[-1.657,0],[0,0],[0,-1.657],[1.657,0]],"v":[[3,-34.25],[3,30],[0,33],[-3,30],[-3,-34.25],[0,-37.25]],"c":true}]},{"i":{"x":0.833,"y":0.833},"o":{"x":0.167,"y":0.167},"t":24,"s":[{"i":[[0,-1.657],[0,0],[1.657,0],[0,1.657],[0,0],[-1.657,0]],"o":[[0,0],[0,1.657],[-1.657,0],[0,0],[0,-1.657],[1.657,0]],"v":[[3,-17],[3,17],[0,20],[-3,17],[-3,-17],[0,-20]],"c":true}]},{"i":{"x":0.833,"y":0.833},"o":{"x":0.167,"y":0.167},"t":30,"s":[{"i":[[0,-1.657],[0,0],[1.657,0],[0,1.657],[0,0],[-1.657,0]],"o":[[0,0],[0,1.657],[-1.657,0],[0,0],[0,-1.657],[1.657,0]],"v":[[3,-17],[3,17],[0,20],[-3,17],[-3,-17],[0,-20]],"c":true}]},{"t":36,"s":[{"i":[[0,-1.657],[0,0],[1.657,0],[0,1.657],[0,0],[-1.657,0]],"o":[[0,0],[0,1.657],[-1.657,0],[0,0],[0,-1.657],[1.657,0]],"v":[[3,-2],[3,7.25],[0,10.25],[-3,7.25],[-3,-2],[0,-5]],"c":true}]}],"ix":2},"nm":"路径 1","mn":"ADBE Vector Shape - Group","hd":false},{"ty":"fl","c":{"a":0,"k":[0.6784313725490196,0.050980392156862744,0.2627450980392157,1],"ix":4},"o":{"a":0,"k":100,"ix":5},"r":1,"bm":0,"nm":"填充 1","mn":"ADBE Vector Graphic - Fill","hd":false},{"ty":"tr","p":{"a":0,"k":[-74.942,1.527],"ix":2},"a":{"a":0,"k":[0,0],"ix":1},"s":{"a":0,"k":[100,100],"ix":3},"r":{"a":0,"k":0,"ix":6},"o":{"a":0,"k":100,"ix":7},"sk":{"a":0,"k":0,"ix":4},"sa":{"a":0,"k":0,"ix":5},"nm":"变换"}],"nm":"矩形 1","np":3,"cix":2,"bm":0,"ix":1,"mn":"ADBE Vector Group","hd":false}],"ip":0,"op":100,"st":0,"bm":0},{"ddd":0,"ind":13,"ty":4,"nm":"形状图层 2","sr":1,"ks":{"o":{"a":0,"k":100,"ix":11},"r":{"a":0,"k":0,"ix":10},"p":{"a":0,"k":[34.375,76.723,0],"ix":2},"a":{"a":0,"k":[-75.5,3.25,0],"ix":1},"s":{"a":0,"k":[100,100,100],"ix":6}},"ao":0,"shapes":[{"ty":"gr","it":[{"ind":0,"ty":"sh","ix":1,"ks":{"a":1,"k":[{"i":{"x":0.833,"y":0.833},"o":{"x":0.167,"y":0.167},"t":0,"s":[{"i":[[0,-1.657],[0,0],[1.657,0],[0,1.657],[0,0],[-1.657,0]],"o":[[0,0],[0,1.657],[-1.657,0],[0,0],[0,-1.657],[1.657,0]],"v":[[2.875,-8.5],[2.875,12.25],[-0.125,15.25],[-3.125,12.25],[-3.125,-8.5],[-0.125,-11.5]],"c":true}]},{"i":{"x":0.833,"y":0.833},"o":{"x":0.167,"y":0.167},"t":6,"s":[{"i":[[0,-1.657],[0,0],[1.657,0],[0,1.657],[0,0],[-1.657,0]],"o":[[0,0],[0,1.657],[-1.657,0],[0,0],[0,-1.657],[1.657,0]],"v":[[3,-2],[3,7.25],[0,10.25],[-3,7.25],[-3,-2],[0,-5]],"c":true}]},{"i":{"x":0.833,"y":0.833},"o":{"x":0.167,"y":0.167},"t":12,"s":[{"i":[[0,-1.657],[0,0],[1.657,0],[0,1.657],[0,0],[-1.657,0]],"o":[[0,0],[0,1.657],[-1.657,0],[0,0],[0,-1.657],[1.657,0]],"v":[[3,-17],[3,17],[0,20],[-3,17],[-3,-17],[0,-20]],"c":true}]},{"i":{"x":0.833,"y":0.833},"o":{"x":0.167,"y":0.167},"t":18,"s":[{"i":[[0,-1.657],[0,0],[1.657,0],[0,1.657],[0,0],[-1.657,0]],"o":[[0,0],[0,1.657],[-1.657,0],[0,0],[0,-1.657],[1.657,0]],"v":[[3,-34.25],[3,30],[0,33],[-3,30],[-3,-34.25],[0,-37.25]],"c":true}]},{"i":{"x":0.833,"y":0.833},"o":{"x":0.167,"y":0.167},"t":24,"s":[{"i":[[0,-1.657],[0,0],[1.657,0],[0,1.657],[0,0],[-1.657,0]],"o":[[0,0],[0,1.657],[-1.657,0],[0,0],[0,-1.657],[1.657,0]],"v":[[3,-17],[3,17],[0,20],[-3,17],[-3,-17],[0,-20]],"c":true}]},{"i":{"x":0.833,"y":0.833},"o":{"x":0.167,"y":0.167},"t":30,"s":[{"i":[[0,-1.657],[0,0],[1.657,0],[0,1.657],[0,0],[-1.657,0]],"o":[[0,0],[0,1.657],[-1.657,0],[0,0],[0,-1.657],[1.657,0]],"v":[[3,-2],[3,7.25],[0,10.25],[-3,7.25],[-3,-2],[0,-5]],"c":true}]},{"t":36,"s":[{"i":[[0,-1.657],[0,0],[1.657,0],[0,1.657],[0,0],[-1.657,0]],"o":[[0,0],[0,1.657],[-1.657,0],[0,0],[0,-1.657],[1.657,0]],"v":[[2.875,-6],[2.875,12.75],[-0.125,15.75],[-3.125,12.75],[-3.125,-6],[-0.125,-9]],"c":true}]}],"ix":2},"nm":"路径 1","mn":"ADBE Vector Shape - Group","hd":false},{"ty":"fl","c":{"a":0,"k":[0.6745098039215687,0.09019607843137255,0.19607843137254902,1],"ix":4},"o":{"a":0,"k":100,"ix":5},"r":1,"bm":0,"nm":"填充 1","mn":"ADBE Vector Graphic - Fill","hd":false},{"ty":"tr","p":{"a":0,"k":[-74.942,1.527],"ix":2},"a":{"a":0,"k":[0,0],"ix":1},"s":{"a":0,"k":[100,100],"ix":3},"r":{"a":0,"k":0,"ix":6},"o":{"a":0,"k":100,"ix":7},"sk":{"a":0,"k":0,"ix":4},"sa":{"a":0,"k":0,"ix":5},"nm":"变换"}],"nm":"矩形 1","np":3,"cix":2,"bm":0,"ix":1,"mn":"ADBE Vector Group","hd":false}],"ip":0,"op":100,"st":0,"bm":0},{"ddd":0,"ind":14,"ty":4,"nm":"形状图层 1","sr":1,"ks":{"o":{"a":0,"k":100,"ix":11},"r":{"a":0,"k":0,"ix":10},"p":{"a":0,"k":[22.25,76.723,0],"ix":2},"a":{"a":0,"k":[-75.5,3.25,0],"ix":1},"s":{"a":0,"k":[100,100,100],"ix":6}},"ao":0,"shapes":[{"ty":"gr","it":[{"ind":0,"ty":"sh","ix":1,"ks":{"a":1,"k":[{"i":{"x":0.833,"y":0.833},"o":{"x":0.167,"y":0.167},"t":0,"s":[{"i":[[0,-1.657],[0,0],[1.657,0],[0,1.657],[0,0],[-1.657,0]],"o":[[0,0],[0,1.657],[-1.657,0],[0,0],[0,-1.657],[1.657,0]],"v":[[3,-2],[3,7.25],[0,10.25],[-3,7.25],[-3,-2],[0,-5]],"c":true}]},{"i":{"x":0.833,"y":0.833},"o":{"x":0.167,"y":0.167},"t":6,"s":[{"i":[[0,-1.657],[0,0],[1.657,0],[0,1.657],[0,0],[-1.657,0]],"o":[[0,0],[0,1.657],[-1.657,0],[0,0],[0,-1.657],[1.657,0]],"v":[[3,-17],[3,17],[0,20],[-3,17],[-3,-17],[0,-20]],"c":true}]},{"i":{"x":0.833,"y":0.833},"o":{"x":0.167,"y":0.167},"t":12,"s":[{"i":[[0,-1.657],[0,0],[1.657,0],[0,1.657],[0,0],[-1.657,0]],"o":[[0,0],[0,1.657],[-1.657,0],[0,0],[0,-1.657],[1.657,0]],"v":[[3,-34.25],[3,30],[0,33],[-3,30],[-3,-34.25],[0,-37.25]],"c":true}]},{"i":{"x":0.833,"y":0.833},"o":{"x":0.167,"y":0.167},"t":18,"s":[{"i":[[0,-1.657],[0,0],[1.657,0],[0,1.657],[0,0],[-1.657,0]],"o":[[0,0],[0,1.657],[-1.657,0],[0,0],[0,-1.657],[1.657,0]],"v":[[3,-17],[3,17],[0,20],[-3,17],[-3,-17],[0,-20]],"c":true}]},{"i":{"x":0.833,"y":0.833},"o":{"x":0.167,"y":0.167},"t":24,"s":[{"i":[[0,-1.657],[0,0],[1.657,0],[0,1.657],[0,0],[-1.657,0]],"o":[[0,0],[0,1.657],[-1.657,0],[0,0],[0,-1.657],[1.657,0]],"v":[[3,-2],[3,7.25],[0,10.25],[-3,7.25],[-3,-2],[0,-5]],"c":true}]},{"i":{"x":0.833,"y":0.833},"o":{"x":0.167,"y":0.167},"t":30,"s":[{"i":[[0,-1.657],[0,0],[1.657,0],[0,1.657],[0,0],[-1.657,0]],"o":[[0,0],[0,1.657],[-1.657,0],[0,0],[0,-1.657],[1.657,0]],"v":[[3,-17],[3,17],[0,20],[-3,17],[-3,-17],[0,-20]],"c":true}]},{"t":36,"s":[{"i":[[0,-1.657],[0,0],[1.657,0],[0,1.657],[0,0],[-1.657,0]],"o":[[0,0],[0,1.657],[-1.657,0],[0,0],[0,-1.657],[1.657,0]],"v":[[3,-2],[3,7.25],[0,10.25],[-3,7.25],[-3,-2],[0,-5]],"c":true}]}],"ix":2},"nm":"路径 1","mn":"ADBE Vector Shape - Group","hd":false},{"ty":"fl","c":{"a":0,"k":[0.7529411764705882,0.1450980392156863,0.1450980392156863,1],"ix":4},"o":{"a":0,"k":100,"ix":5},"r":1,"bm":0,"nm":"填充 1","mn":"ADBE Vector Graphic - Fill","hd":false},{"ty":"tr","p":{"a":0,"k":[-74.942,1.527],"ix":2},"a":{"a":0,"k":[0,0],"ix":1},"s":{"a":0,"k":[100,100],"ix":3},"r":{"a":0,"k":0,"ix":6},"o":{"a":0,"k":100,"ix":7},"sk":{"a":0,"k":0,"ix":4},"sa":{"a":0,"k":0,"ix":5},"nm":"变换"}],"nm":"矩形 1","np":3,"cix":2,"bm":0,"ix":1,"mn":"ADBE Vector Group","hd":false}],"ip":0,"op":100,"st":0,"bm":0}],"markers":[]}